caroberrylove,
netalirich,
sydneywilsonnn,
fineline.tattoos,
smirnova_sin,
leorahakim,
hypotheticalscenes,
mane___ca,
teowz,
naturallycooking,
jasmine.s.official,
umberto.bentivoglio,
michellej.miller,
allthings.jen,
ultraviolet.ak,
lladnar31,
sonnenglas,
holtzmanneringilbert,
moyo.studio,
koipolloi,
juliadonellejewelry,
arvingaye28,
livinglavender_,
paola_margelis_16,
olgatsvetok,
_kim__sun__jin_,
rockfeatherbrand,
campobeauty,
thetabootextbook,
hannahpusateri,
the___zoo,
jessicaquijada_,
leegiselle,
glaulisboa,
lightlows,
quaintviibes,
tristaannmarie,
martinavirgin_hair,
21highend,
lykiiing,
moniquetionary,
graacegee,
waishaan,
sara_sara_lanz,
random.piece_,
_evnika,
fionaaa210,
tladbals999,
darytoxic86,
viviiiiixiiiiiiii,
amiehsieh,
__iriana,
mosfet_hsu,
nicki.miles,
mist_walker,
leon.2312,
iris_ir11,
raya.popchuk,
mackie.one,
cheyviri,
yabing_xu,
alsolihin,
ulyanakotska_,
chenmonanhai5257,
pawaree_xuto,
vanessaurrego_,
meryem_burak44,
biancamcesario,
caitbedd,
_______.cc._______,
oliversreef,
thelifeofwhite_,
heathergirazi,
roberta_dr,
manishnagevadeeya,
amberrazzouk,
fineandseek,
koszykowskanatalia,
svetasugaar,
elisecoop000,
jxbjxxh,
danycaruso,
killyfranco14,
annabelfielding,
sonnycarson86,
globalhubb,
babybelleshop_,
minojostafa,
jensfalcone_photography,
clairaola,
chanel4fashion,
classic.cstyle,
shavimae,
thesilksecrets,
j.w.parkinson,
karmakinetics,
chefwithus,
fabulous.fr3e.fo1iow3rs,
authentic.unicorns,
